P1,Web Scraping,L1,software engineering,12/12/2022,S1,active,S1 want to register
P2,Social Networking,L2,software engineering,12/12/2022,S2,active,-
P3,Credit Card Fraud Detection,L2,data science,12/12/2022,S5,active,-
P4,Fake News Detection,L3,data science,12/12/2022,S6,inactive,-
P5,Software piracy protection system,L1,software engineering,12/12/2022,-,inactive,-
P6,Packet Sniffing,L3,cybersecurity,15/1/2023,-,active,-
P7,Web Application Firewall,L6,cybersecurity,12/1/2023,S10,inactive,student already drops project
P8,Building Chatbots,L6,data science,15/1/2023,-,active,-
P9,Sudoku game,L1,game development,12/12/2022,-,active,-
P10,Social Networking,L2,software engineering,12/12/2022,-,active,-
P11,Web Scraping,L1,software engineering,12/12/2022,-,active,-
P12,Android Task Monitoring,L1,software engineering,12/12/2022,-,active,-
P13,Web Application Firewall,L6,cybersecurity,12/1/2023,-,active,-
P14,3D Game Development,L6,game development,1/2/2023,-,active,-
